;Cases;S;U;Q;I;uC;Rt;M;date
0;1.0;2476429.546293449;6.373646947242388;1.1107568618140424;11.58701818350924;3.1026143744528083;4.701372619314062;0.0;2020-03-07
1;1.2344149300690301;2476426.3439567885;8.721946986956814;0.8906065600290258;14.789354844082977;3.942386367028106;4.68645962588876;0.005669916050890252;2020-03-08
2;1.4232046459598007;2476421.9807871915;11.91732252624423;0.7213220359883686;19.15252444047554;5.090675232283139;4.668023065101815;0.010236271274326227;2020-03-09
3;1.5772314145039301;2476416.050572602;16.2534110592778;0.5939213102640797;25.082739030211066;6.658175246165255;4.646079220399137;0.01396179697773576;2020-03-10
4;1.7055411335361754;2476408.0128947725;22.119353622534298;0.5018852070770549;33.12041685960986;8.793636896462335;4.620651275889411;0.017065291005236113;2020-03-11
5;1.8159015202787103;2476397.152588882;30.02789956417021;0.4408268730058403;43.980722750857176;11.696094793402414;4.591769269937068;0.01973463518049701;2020-03-12
6;1.9152772755414815;2476382.528623356;40.650498474449705;0.40828432607166343;58.6046882769153;15.630628200852446;4.559470035682766;0.022138288350829653;2020-03-13
7;2.0102696130065394;2476362.9103179746;54.86059430096807;0.4036231255757624;78.2229936578307;20.94850661828032;4.5237971286048175;0.024435917510994973;2020-03-14
8;2.107544977926266;2476336.698686027;73.78633254877411;0.4280410965150725;104.43462560499322;28.11270698177777;4.484800741259697;0.026788767445733126;2020-03-15
9;2.214276445679283;2476301.830646552;98.87379393659901;0.4846706690389829;139.3026650801235;37.72992402880621;4.442537605364298;0.02937033706661735;2020-03-16
10;2.3386204923574896;2476255.66399141;131.96161789605657;0.5787770501930568;185.46932022232198;50.59030478371489;4.397070881406769;0.032377911310654615;2020-03-17
11;2.4902516454839927;2476194.8413526043;175.36744125902842;0.7180519216018034;246.29195902801746;67.71621420190323;4.348470035996604;0.036045493015769495;2020-03-18
12;2.680977500477616;2476115.1320795347;231.9859015049873;0.9130025746926681;326.00123209792207;90.42135051776452;4.296810707188074;0.040658678644473555;2020-03-19
13;2.925456446926857;2476011.2519884156;305.39698239984057;1.1774351835663328;429.8813232165716;120.3814491862379;4.2421745580340815;0.0465720183032107;2020-03-20
14;3.2420398462343205;2475876.662436008;399.98219850039396;1.5290280348115302;564.4708756235964;159.7176092421566;4.184649118649995;0.05422938593184341;2020-03-21
15;3.653758883126506;2475703.3521943935;521.0444686515161;1.9899857348549763;737.7811172378342;211.09290396833666;4.124327617088971;0.06418784879529946;2020-03-22
16;4.189473464275036;2475481.6081184736;674.9255902138185;2.5877586348443966;959.5251931585299;277.82237084559205;4.0613087993516706;0.07714545649313483;2020-03-23
17;4.885195761428564;2475199.7836849266;869.112967860213;3.3558026397372935;1241.3496267055366;363.9956604441579;3.995696738874014;0.09397325418687134;2020-03-24
18;5.785593974873461;2474844.077902399;1112.3249027931522;4.3343436672799145;1597.055409232909;474.61056879760326;3.927600635856722;0.11575165491032688;2020-03-25
19;6.9456718964083475;2474398.3408583617;1414.5613552904608;5.571098090939893;2042.7924532703937;615.7143279925846;3.857134606819831;0.14381106403438368;2020-03-26
20;8.432606898547215;2473843.925807646;1787.105051877485;7.121886763403355;2597.207503986524;794.5479584470886;3.7844174647840045;0.17977633566949253;2020-03-27
21;10.327712541644722;2473159.611019675;2242.456325129968;9.051066107963313;3281.5222919576154;1019.6871881780396;3.709572490498406;0.2256142432667905;2020-03-28
22;12.72847244363429;2472321.6169939656;2794.1846134342964;11.43168704468444;4119.516317667147;1301.171544744531;3.632727195151984;0.28368267388516416;2020-03-29
23;15.750569965461326;2471303.745608258;3456.6804894803354;14.345282937805226;5137.387703374413;1650.6113609908111;3.5540130750213117;0.35677972125035085;2020-03-30
24;19.529814094621095;2470077.6667343825;4244.794841420691;17.881183094494297;6363.466577249533;2081.260738639726;3.4735653585235076;0.4481902681035129;2020-03-31
25;24.223838096495204;2468613.374245064;5173.356683475082;22.13525143073516;7827.759066568374;2608.043293566061;3.3915227461573023;0.5617270723661625;2020-04-01
26;30.01342477222584;2466879.8267111676;6256.568305059243;27.20796248591596;9561.306600464573;3247.516908147188;3.308027143828885;0.7017628218428656;2020-04-02
27;37.10329439118301;2464845.778322007;7507.285848710686;33.201751180515366;11595.354989625059;4017.7640953426735;3.2232233900718015;0.8732491923543635;2020-04-03
28;45.72218033437291;2462480.7927109073;8936.204717426197;40.21760946609754;13960.34060072498;4938.196093498313;3.1372589776818733;1.0817186773641034;2020-04-04
29;56.122016807100486;2459756.416851548;10550.98178113319;48.350952927082304;16684.716460084084;6029.261709216709;3.050283770298739;1.3332649407611825;2020-04-05
30;68.57607522651162;2456647.475591236;12355.338653870385;57.686839926122204;19793.657720396226;7312.056151373206;2.9624497144752917;1.6344977406948302;2020-04-06
31;83.37591354534072;2453133.430034788;14348.201846096754;68.2946954319218;23307.703276844015;8807.83082177;2.8739105477849347;1.9924691412783984;2020-04-07
32;100.82704633725;2449199.7282887246;16522.943558002364;80.22276072222867;27241.405022907238;10537.411657845392;2.7848215035240926;2.414568782687443;2020-04-08
33;121.2433042242723;2444839.0654571764;18866.790834446;93.49255740044627;31602.06785445536;12520.541158384642;2.6953390125739793;2.9083874496923747;2020-04-09
34;144.93992488589168;2440052.4644963196;21360.468533826417;108.09370665859818;36388.66881531235;14775.16664994144;2.6056204029910197;3.4815499602952964;2020-04-10
35;172.2255032881992;2434850.0912694964;23978.132717521876;123.979478081365;41591.042042135465;17316.704343244026;2.5158235978996597;4.141520461728419;2020-04-11
36;203.3930172243504;2429251.7272131606;26687.63543325089;141.06344678813093;47189.40609847118;20157.314201207817;2.426106812264583;4.895385360525139;2020-04-12
37;238.71023160158958;2423286.8412690293;29451.140091741116;159.21760930467622;53154.29204260238;23305.224109954994;2.336628249121439;5.74962122601064;2020-04-13
38;278.409859765181;2416994.227719681;32226.08093489433;178.2722457160668;59446.90559195084;26764.142551575263;2.2475457958462712;6.70985681711756;2020-04-14
39;322.6799179941197;2410421.2066891803;34966.4322726252;198.01771933604203;66019.92662245127;30532.796712495903;2.159016721043744;7.7806397815481505;2020-04-15
40;371.6547395222814;2403622.415563826;37624.22711818491;218.20828394474248;72818.71774780603;34604.62760615411;2.071197372633072;8.965219307221872;2020-04-16
41;425.4071153916814;2396658.2500855657;40151.24256177314;238.56783060777505;79782.88322606604;38967.665718293436;1.984242877708299;10.265356028998296;2020-04-17
42;483.94199773750006;2389593.039385581;42500.75401875799;258.7973655686926;86848.09392605114;43604.60054398695;1.8983068447461608;11.681169726751236;2020-04-18
43;547.1921338114901;2382493.0572522157;44629.25420929436;278.5838817916271;93948.07605941643;48493.04583451894;1.813541068730295;13.211033723218108;2020-04-19
44;615.0159104558095;2375424.4815045046;46498.03476834477;297.6101812536609;101016.6518071277;53605.990947073464;1.7300952397549896;14.851522747165435;2020-04-20
45;687.1975716792413;2368451.4133174685;48074.53993496001;315.5651296525419;107989.71999416406;58912.41735787226;1.6481166556650102;16.5974181960182;2020-04-21
46;763.4498473003476;2361634.056444042;49333.42209568061;332.15380916876;114807.07686759047;64378.05111544075;1.5677499392803445;18.44177171622147;2020-04-22
47;843.4189057917374;2355027.1441634935;50257.24893746763;347.1070283762391;121413.98914813859;69966.21427650297;1.489136760745944;20.376025000265244;2020-04-23
48;926.6914237599335;2348678.675439017;50836.84159021493;360.18971435345486;127762.45787261492;75638.7351442866;1.4124155655367439;22.390180779877433;2020-04-24
49;1012.8034581435079;2342628.9995999467;51071.24673386864;371.20779455157304;133812.13371168508;81356.87572512135;1.337721308637453;24.473017422502817;2020-04-25
50;1101.2507320867492;2336910.2635956844;50967.369027398294;380.01328260514794;139530.86971594737;87082.23667385719;1.2651851954048043;26.61233772108873;2020-04-26
51;1191.499888742983;2331546.212755604;50539.309195056776;386.50740803302267;144894.92055602715;92777.60406419435;1.194934429607185;28.795241095689494;2020-04-27
52;1283.0002472481337;2326552.3179743215;49807.46548382554;390.6417439335951;149888.81533731005;98407.70786230279;1.1270919691228711;31.008407941324254;2020-04-28
53;1375.1955934450548;2321936.184844437;48797.46570065444;392.41742043174224;154504.94846719477;103939.86975266355;1.0617762897634386;33.238384816369596;2020-04-29
54;1467.5355779074007;2317698.193977662;47538.99652895003;391.8825850834343;158742.9393339698;109344.52464202895;0.9991011576734284;35.4718601325017;2020-04-30
55;1559.4863330747148;2313832.313899529;46064.59645938823;389.12836947751214;162608.81941210263;114595.60825016217;0.9391754107409375;37.69592095687457;2020-05-01
56;1650.5399954707875;2310327.028561567;44408.47101974741;384.28366389353147;166114.10475006502;119670.81007095329;0.8821027494366024;39.89828333097681;2020-05-02
57;1740.222890059646;2307166.3240145976;42605.38029565066;377.50903423182916;169274.8092970344;124551.69707709225;0.8279815374804378;42.0674902299142;2020-05-03
58;1828.1022153112444;2304330.684579642;40689.637811010405;368.990119603159;172110.44873199;129223.7185860652;0.7769046127172027;44.1930732575768;2020-05-04
59;1913.7911442219743;2301798.0562415747;38694.24866722375;358.9308354460315;174643.07707005728;133676.1064231655;0.7289591085614819;46.26567602767967;2020-05-05
60;1996.9523363103679;2299544.744278672;36650.20288179014;347.54667186697253;176896.38903295965;137901.6871429922;0.684226286353468;48.2771391102329;2020-05-06
61;2077.299901405916;2297546.2192691322;34585.93193614137;335.0583445125883;178894.91404249938;141896.6238604395;0.6427813789455864;50.22054753072492;2020-05-07
62;2154.599936346035;2295777.81667125;32526.924341971477;321.6859941079818;180663.31664038193;145660.10636795644;0.604693445818662;52.09024375149164;2020-05-08
63;2228.6697741038297;2294215.320971942;30495.491886716423;307.64408483960835;182225.81233969;149194.00659403013;0.5700252400042793;53.881809509978474;2020-05-09
64;2299.37612487479;2292835.4332505637;28510.67124324642;293.1370971127961;183605.70006106838;152502.51559583438;0.5388330870674642;55.59202085623568;2020-05-10
65;2366.632301874119;2291616.1261636815;26588.24250784326;278.3560629549653;184825.0071479503;155591.77627527795;0.5111667763807423;57.218781051832934;2020-05-11
66;2430.3947314688053;2290536.894613476;24740.844256243836;263.4759473360709;185904.23869815638;158469.52376310766;0.4870694648971774;58.76103615860538;2020-05-12
67;2490.658944118603;2289578.9133557384;22978.164011063913;248.65384346457273;186862.21995589384;161144.74315724676;0.4665775936060988;60.21867806945434;2020-05-13
68;2547.455230605615;2288725.114469657;21307.18380328694;234.02792109718644;187716.01884197505;163627.3518869853;0.44972081683099685;61.592439443309004;2020-05-14
69;2600.8441297580957;2287960.1981792073;19732.462179278573;219.7170478206309;188480.9351324248;165927.9117755675;0.4365219445045499;62.88378456435087;2020-05-15
70;2650.911900363057;2287270.5910229874;18256.435322274032;205.82098630090817;189170.54228864488;168057.37407970687;0.4269968975309336;64.09479981880484;2020-05-16
71;2697.766094769258;2286644.3636403414;16879.723892614085;192.421068837085;189796.76967129047;170026.85861507006;0.42115467632057424;65.22808663136846;2020-05-17
72;2741.53133861571;2286071.1200584653;15601.433565838413;179.58124705929194;190370.01325316678;171847.46710165337;0.4189973425573452;66.28665938730619;2020-05-18
73;2782.3453917174174;2285541.868451032;14419.440617242017;167.34941970598953;190899.2648606003;173530.12943193485;0.4205200142329149;67.27385015504063;2020-05-19
74;2820.3555454617394;2285048.881852445;13330.656142456615;155.75894849161728;191392.25145918678;175085.48082277682;0.4257108739576243;68.19322154810109;2020-05-20
75;2855.715391028491;2284585.555623104;12331.264799143797;144.83028298059799;191855.57768852802;176523.76721537515;0.43455119053189634;69.04848855637947;2020-05-21
76;2888.5819769258424;2284146.2671472905;11416.935718896651;134.5726236846487;192294.86616434145;177854.7758448343;0.4470153537368574;69.84344979396991;2020-05-22
77;2919.113354954307;2283726.241163716;10583.005246504079;124.98557320821688;192714.89214791596;179087.78797324936;0.4630709222775859;70.58192814212124;2020-05-23
78;2947.4665104402907;2283321.4238482006;9824.63172849074;116.06072379060743;193119.70946343115;180231.5505007095;0.48267868478729026;71.26772068671738;2020-05-24
79;2973.795654969004;2282928.3670710265;9136.924000567777;107.78315170178598;193512.7662406051;181294.26343336652;0.5057927337757537;71.90455742371873;2020-05-25
80;2998.2508572128286;2282544.1235482083;8515.045717785992;100.13279507556373;193897.009763423;182283.58039334862;0.5323605523806679;72.49606814229455;2020-05-26
81;3020.9769831549047;2282166.153006011;7954.2980251822355;93.0857001677611;194274.98030562012;183206.61959711523;0.5623231137560041;73.04575679145859;2020-05-27
82;3042.112913081209;2281792.2389735724;7450.183282865394;86.61512976895656;194648.89433805877;184069.9830123432;0.5956149929074451;73.55698254104867;2020-05-28
83;3061.791003352302;2281420.415438812;6998.452605946476;80.69253242919915;195020.71787281876;184879.78173109077;0.6321644907611125;74.03294676331934;2020-05-29
84;3080.1367601397997;2281048.902371421;6595.139910081791;75.28837700606205;195392.2309402103;185641.66589298265;0.671893770228454;74.476685141436;2020-05-30
85;3097.2686945013384;2280676.048965973;6236.585001589074;70.3728599120982;195765.08434565875;186360.85778965623;0.7147190040072442;74.89106416409757;2020-05-31
86;3113.2983299045136;2280300.2833769517;5919.448054365138;65.91649534435592;196140.8499346797;187042.18705506567;0.7605505338362248;75.27878130752192;2020-06-01
87;3128.3303359906877;2279920.0676831403;5640.717596749108;61.890600330843064;196521.06562849143;187690.1270954208;0.8092930408990346;75.64236827086074;2020-06-02
88;3142.462765496398;2279533.856813713;5397.713898930885;58.26768727140653;196907.27649791853;188308.83214621985;0.8608457270517818;75.9841967067411;2020-06-03
89;3155.787373820439;2279140.060183642;5188.089455656871;55.02177709656504;197301.0731279893;188902.17452141544;0.9151025065279257;76.30648595080103;2020-06-04
90;3168.3900042969126;2278737.0047785896;5009.828049848135;52.12864621255597;197704.12853304183;189473.78183268424;0.971952207754126;76.61131234048942;2020-06-05
91;3180.351025041637;2278322.898456442;4861.243727910004;49.566019729532485;198118.2348551889;190027.07408250772;1.0312787848914051;76.90061978129778;2020-06-06
92;3191.74580609959;2277895.79217773;4740.980906188474;47.313723386101756;198545.34113390162;190565.30069822745;1.0929615386973819;77.1762312877741;2020-06-07
93;3202.645228850805;2277453.539908187;4648.0166835940145;45.35380524784849;198987.59340344433;191091.57768575166;1.1568753462875312;77.4398613047886;2020-06-08
94;3213.1162212327717;2276993.754694034;4581.666529235887;43.67063914355359;199447.37861759725;191608.92522798505;1.222890899356429;77.69312865323684;2020-06-09
95;3223.222316471436;2276513.759482082;4541.594339787947;42.2510193819429;199927.3738295491;192120.30615390776;1.2908749504037833;77.9375700443575;2020-06-10
96;3233.0242339784527;2276010.5309226117;4527.828061882947;41.0842575576978;200430.6023890191;192628.6658356;1.3606905664947269;78.17465413019696;2020-06-11
97;3242.580484290914;2275480.634209173;4540.782119230476;40.162291365132546;200960.4991024581;193136.97420757156;1.4321973900695228;78.4057961356016;2020-06-12
98;3251.9480020580413;2274920.14665695;4581.288084818557;39.47981574573844;201520.98665468057;193648.27075205825;1.5052519063042802;78.6323731685969;2020-06-13
99;3261.182813420692;2274324.567371434;4650.635236568724;39.03444689166438;202116.56594019587;194165.7134433148;1.579707716511845;78.85574036264303;2020-06-14
100;3270.340747218253;2273688.7096156306;4750.62309586411;38.82693125602648;202752.42369599978;194692.6329216614;1.6554158170604405;79.07724807896676;2020-06-15
101;3279.4782020094517;2273006.5720284083;4883.628321262572;38.86141222123099;203434.561283222;195232.59334772875;1.7322248832770906;79.29826045889344;2020-06-16
102;3288.6529836005075;2272271.184066939;5052.688851791457;39.145768671913864;204169.94924469152;195789.46164062765;1.8099815577933929;79.52017568157663;2020-06-17
103;3297.925232658377;2271474.419596513;5261.609110204199;39.69204374810798;204966.71371511783;196367.48732850715;1.888530742782632;79.7444484006632;2020-06-18
104;3307.3584661260875;2270606.7715521487;5515.090706135573;40.51698408398006;205834.36175948152;196971.39560313587;1.9677158955298848;79.97261493354836;2020-06-19
105;3317.0207604471684;2269657.078954551;5818.894193181696;41.64271436240508;206784.05435707915;197606.4966890879;2.0473793267703346;80.20632188064165;2020-06-20
106;3326.986112726659;2268612.1954485876;6180.038750607917;43.09757721885858;207828.93786304287;198278.81542248942;2.127362501225741;80.44735904847742;2020-06-21
107;3337.3360224258145;2267456.58611386;6607.048260671739;44.91717572670803;208984.54719777076;198995.2457389465;2.20750633976485;80.69769770698872;2020-06-22
108;3348.161346595893;2266171.8362970348;7110.254168368727;47.14566339449379;210269.29701459562;199763.7358362365;2.287651522610353;80.95953546301367;2020-06-23
109;3359.5644932101013;2264736.0525240954;7702.167882822213;49.83733708459537;211705.0807875352;200593.5110744183;2.3676387930130947;81.23534931155784;2020-06-24
110;3371.6620315215005;2263123.1311404714;8397.938282322972;53.05860074175134;213318.00217115943;201495.34325657322;2.4473092608132636;81.52795877388118;2020-06-25
111;3384.5878162059084;2261301.8650434692;9215.913208592387;56.89038272555077;215139.26826816204;202481.87686063818;2.526504705308538;81.84060146277004;2020-06-26
112;3398.496743535099;2259234.852651147;10178.327687097793;61.43110762325093;217206.28066048367;203568.02512222753;2.6050678768505273;82.17702393505552;2020-06-27
113;3413.5692839637563;2256877.1660681707;11312.145956825965;66.80034466721138;219563.9672434604;204771.45165800347;2.682842796593198;82.5415913236556;2020-06-28
114;3430.0169671319363;2254174.7273417595;12650.089104845696;73.14327930807642;222266.40596987156;206113.15661858584;2.7596750538205836;82.9394200061877;2020-06-29
115;3448.089032959019;2251062.333018113;14231.884883165005;80.63618197048595;225378.8002935179;207618.1901954234;2.8354121002856605;83.37653847844349;2020-06-30
116;3468.0805067449573;2247461.2585054506;16105.780571946514;89.49307756464307;228979.87480618025;209316.52064992415;2.9099035409979734;83.86008267107007;2020-07-01
117;3490.3420081525283;2243276.3660251102;18330.362593883765;99.97384894421194;233164.76728652066;211244.08883554014;2.9830014209044338;84.39853320453454;2020-07-02
118;3515.291661123491;2238392.635432973;20976.726156233184;112.39403262348159;238048.49787865792;213444.08602867776;3.0545605069154833;85.00200346047151;2020-07-03
119;3543.429535162201;2232671.038486706;24131.032187139208;127.1365804660861;243770.09482492442;215968.49652215693;3.1244385647377864;85.68258888053427;2020-07-04
120;3575.3551114281895;2225943.689040098;27897.473478370513;144.6658556525564;250497.44427153296;218879.9498260817;3.1924966299844844;86.4547894278763;2020-07-05
121;3611.788332067011;2218008.2353692264;32401.63722897257;165.5440828507923;258432.89794240394;222253.92829851358;3.2585992730449833;87.33601871828392;2020-07-06
122;3653.5948199042955;2208621.5149421;37794.2018830195;190.45036355275414;267819.6183695307;226181.37130305415;3.3226148572082144;88.34721402205643;2020-07-07
123;3701.815867418031;2197492.604859918;44254.804605895;220.20216587890684;278948.5284517128;230771.70581252087;3.384415789546122;89.51356162290404;2020-07-08
124;3757.7037361187763;2184275.5624299613;51995.781005926234;255.77881341517696;292165.57088166935;236156.30732620918;3.4438787640780473;90.86535062244894;2020-07-09
125;3822.762622738316;2168562.4132875325;61265.26136426364;298.34592051223876;307878.7200240977;242492.3501165835;3.500884996751354;92.43896381077509;2020-07-10
126;3898.7953067298304;2149877.3122567064;72348.81446802427;349.2788172865631;326563.82105492393;249966.93246288324;3.5553204517893136;94.2780059538195;2020-07-11
127;3987.9548894850823;2127673.3018734865;85568.44374272157;410.18171867400304;348767.8314381438;258801.25108726314;3.6070760589737736;96.43455523677608;2020-07-12
128;4092.800075276491;2101333.719611572;101277.27657701954;482.8976412257586;375107.4137000584;269254.43940653664;3.6560479214474;98.97050037304459;2020-07-13
129;4216.351013461206;2070181.0009533507;119847.80909429028;569.5018695962252;406260.1323582796;281626.4703809319;3.702137513638459;101.95889128871609;2020-07-14
130;4362.140745835494;2033496.2383162354;141651.22056156775;672.2693274136194;442944.89499539474;296259.2643605779;3.745251868929939;105.48518350653922;2020-07-15
131;4534.2547556834;1990553.1269862766;167025.2885320939;793.6039434288991;485888.0063253534;313534.8590941472;3.785303756714395;109.6481947393662;2020-07-16
132;4737.348135930669;1940669.4198791222;196229.19341782815;935.9169362463388;535771.7134325078;333869.2549425027;3.8222118484962273;114.56052014523709;2020-07-17
133;4976.62691404445;1883277.1726149586;229385.4386932541;1101.442297692844;593163.9606966713;357700.4527916799;3.8559008727239754;120.34808062299857;2020-07-18
134;5257.777862008226;1818009.411243194;266412.5551219321;1291.983420976055;658431.722068436;385469.4056635195;3.8863017580567747;127.14842508959633;2020-07-19
135;5586.830979192458;1744795.3609044817;306957.0668439328;1508.5963949117659;731645.7724071483;417593.27818911127;3.9133517647912135;135.1074042816168;2020-07-20
136;5969.942064473316;1663949.7809196785;350338.52147294726;1751.2334440004356;812491.3523919513;454431.6554105303;3.9369946041974297;144.37391171383652;2020-07-21
137;6413.090940509499;1576236.409209449;395525.10994435195;2018.3922294861104;900204.7241021806;496248.130987833;3.9571805455364197;155.09258447257085;2020-07-22
138;6921.704166577727;1482884.0386296671;441156.8622283161;2306.8371913772785;993557.0946819626;543171.6910956915;3.973866510554029;167.39467757444845;2020-07-23
139;7500.22810257105;1385539.1879036694;485626.36253620207;2611.468849276829;1090901.94540796;595163.8859199103;3.9870161552710535;181.38773744289117;2020-07-24
140;8151.6953311721145;1286152.3048257714;527213.531734999;2925.4068659193154;1190288.8284858584;651998.1945537679;3.9965999389131337;197.14511473531212;2020-07-25
141;8877.339376543725;1186811.8013577205;564254.9770459497;3240.3187936170393;1289629.3319539092;713256.6967377986;4.002595179848686;214.69664534334058;2020-07-26
142;9676.314329832752;1089555.5417592293;595316.0795929296;3546.9747775488995;1386885.5915524005;778346.2228520891;4.004986098427964;234.02186882880176;2020-07-27
143;10545.564849983135;996196.038378884;619331.2548335977;3835.954525699897;1480245.0949327457;846532.320723465;4.003763846641344;255.04688406564696;2020-07-28
144;11479.869790543391;908190.5690815594;635686.4126699755;4098.395760257692;1568250.56423007;916985.8860092935;3.9989265245401087;277.6454044642781;2020-07-29
145;12472.05518761467;826573.2717131609;644233.8755055865;4326.666258082071;1649867.8615984686;988835.2646471855;3.9904791833883264;301.6439096220202;2020-07-30
146;13513.346751278283;751949.3635206106;645247.0510167776;4514.864992336696;1724491.769791019;1061216.5070306263;3.978433815539724;326.83017121693797;2020-07-31
147;14593.814761865831;684538.3388204345;639333.8566355376;4659.10175888095;1791902.7944911951;1133316.0213349108;3.9628093310588626;352.96401394572575;2020-08-01
148;15702.857936222677;624246.7604677125;627331.691191261;4757.551749730772;1852194.372843917;1204402.2719667025;3.9436315211312114;379.78901904913124;2020-08-02
149;16829.676741826115;570751.6890145149;610203.8285517262;4810.319250561729;1905689.4442971144;1273845.6197530003;3.9209330083319807;407.0439726071426;2020-08-03
150;17963.697487281966;523580.3926553635;588950.5976663976;4819.1657110457245;1952860.740656266;1341127.2797915407;3.894753183848668;434.4731232367944;2020-08-04
151;19094.922381984215;482177.8710883277;564541.703454945;4787.162278275823;1994263.2622233017;1405839.4741080967;3.8651381317772002;461.83464916754525;2020-08-05
152;20214.194236546267;445958.88177232206;537870.5054629716;4718.319787922533;2030482.2515393076;1467679.232051867;3.8321405406362534;488.9070606885275;2020-08-06
153;21313.37551167494;414344.71214663744;509727.6199064068;4617.236438225127;2062096.4211649918;1526438.189308685;3.795819602268747;515.4935308969517;2020-08-07
154;22385.44914924049;386786.8804947739;480789.70338849165;4488.788434017322;2089654.2528168554;1581990.3118451058;3.7562408983236066;541.4243345517326;2020-08-08
155;23424.553027504342;362780.64579521684;451619.04770361923;4337.876649753297;2113660.4875164125;1634279.0101355356;3.7134762745346177;566.5576814600356;2020-08-09
156;24425.96177857854;341871.1598950045;422670.14772564144;4169.2323539990975;2134569.9734166246;1683304.6315584057;3.667603703036519;590.7792766866944;2020-08-10
157;25386.02951879986;323654.6544091285;394300.2362823579;3987.278695009852;2152786.478902501;1729112.9344063334;3.6187071329813087;614.0009353439301;2020-08-11
158;26302.10589736983;307776.5365118177;366781.5890446545;3796.040933730915;2168664.5967998113;1771784.8609240563;3.566876329740125;636.1585520160669;2020-08-12
159;27172.435919227253;293927.73738487106;340314.1448749603;3599.0968187398053;2182513.395926758;1811427.718313831;3.512206702997847;657.2096777231537;2020-08-13
160;27996.05191759638;281840.23150939116;315037.5422757847;3399.5584132240238;2194600.901802238;1848167.749195633;3.4547991240687765;677.1309070047013;2020-08-14
161;28772.66419700964;271282.3325641136;291042.06548172975;3200.0771945180413;2205158.8007475156;1882143.9938742581;3.394759732782401;695.9152328454957;2020-08-15
162;29502.554898330618;262054.11624939082;268378.2888679644;3002.8655531459185;2214387.0170622384;1913503.3077427973;3.332199734308078;713.5694795336086;2020-08-16
163;30186.478271202523;253983.17257825012;247065.3678718655;2809.728988226307;2222457.9607333792;1942396.385602085;3.2672351863068134;730.111890498147;2020-08-17
164;30825.569343063093;246920.78362228908;227098.0349260414;2622.1044297820413;2229520.34968934;1968974.6409904535;3.199986776816678;745.5699192391313;2020-08-18
165;31421.26198005349;240738.55212285003;208452.41337036426;2441.1013813539835;2235702.5811887793;1993387.8044570074;3.130579593296188;759.9782474240058;2020-08-19
166;31975.216723213336;235325.4714594313;191090.78972278774;2267.54331362916;2241115.661852198;2015782.1120925678;3.0591428832668384;773.3770394240883;2020-08-20
167;32489.258207124094;230585.40377677244;174965.4846170954;2102.0077129130896;2245855.729534857;2036298.9789977241;2.9858098070120143;785.8104286266906;2020-08-21
168;32965.32174360077;226434.92497364292;160021.96103126407;1944.8635762374734;2250006.2083379864;2055074.061986884;2.9107171828047216;797.3252254270385;2020-08-22
169;33405.40835724017;222801.4920363221;146201.29248316897;1796.3057608249783;2253639.641275307;2072236.634674073;2.834005225150803;807.9698296496503;2020-08-23
170;33811.54750091445;219621.88861707738;133442.10329851785;1656.3858239591618;2256819.244694552;2087909.2080711604;2.7558172765476865;817.7933287285504;2020-08-24
171;34185.76660578837;216840.90921078765;121682.0739185773;1525.039308086675;2259600.224100841;2102207.344268389;2.676299533271102;826.844761197675;2020-08-25
172;34530.06664793731;214410.2456611605;110859.09346904143;1402.1095215439484;2262030.8876504684;2115239.618011946;2.5956007657135713;835.1725257079287;2020-08-26
173;34846.40291116301;212287.5444271906;100912.12674563372;1287.3680409286421;2264153.588884438;2127107.6911867126;2.513872033808945;842.8239157273863;2020-08-27
174;35136.670217683415;210435.60758934024;91781.85221290424;1180.5321694445352;2266005.5257222885;2137906.4711222565;2.431266398086595;849.8447623082934;2020-08-28
175;35402.69193621299;208821.71437665945;83411.117495621;1081.279653190857;2267619.4189349697;2147724.329849945;2.347938626907249;856.2791682197773;2020-08-29
176;35646.212160926625;207417.04369174645;75745.25047651393;989.2609513905854;2269024.089619883;2156643.3660310516;2.264044900439759;862.169318776372;2020-08-30
177;35868.89051972805;206196.18118407432;68732.25708723596;904.1093576545129;2270244.9521275545;2164739.695162936;2.179742511944278;867.5553562629018;2020-08-31
178;36072.299138659255;205136.69710219232;62322.93101281533;825.4492541866298;2271304.4362094365;2172083.756803775;2.095189566932525;872.4753065110701;2020-09-01
179;36257.9213573216;204218.78353310475;56470.895487349524;752.9027573104696;2272222.3497785246;2178740.630176543;2.010544680779818;876.9650478286794;2020-09-02
180;36427.15184609898;203424.94159043528;51132.59340810299;686.0949901356407;2273016.191721194;2184770.3514768565;1.9259666753665514;881.0583138349715;2020-09-03
181;36581.2978034888;202739.70987217542;46267.23999775503;624.6582113507108;2273701.4234394543;2190228.2274268596;1.8416142753286446;884.7867224210927;2020-09-04
182;36721.58103573749;202149.42899355842;41836.74588080609;568.2349533234382;2274291.7043180712;2195165.142448204;1.7576458044972016;888.179826051324;2020-09-05
183;36849.14066609154;201642.03584085096;37805.620713597025;516.4803589743459;2274799.097470779;2199627.855732116;1.6742188831073217;891.2651772931458;2020-09-06
184;36965.03630482671;201206.88298151307;34140.86364137502;469.06385771783334;2275234.2503301166;2203659.286526197;1.5914901263544539;894.0684054923872;2020-09-07
185;37070.25155688953;200834.57988551373;30811.844700552818;425.6702907269687;2275606.553426116;2207298.7868779465;1.5096148448742137;896.6133016143783;2020-09-08
186;37165.69773630876;200516.85275285383;27790.181611565742;386.00059564529903;2275924.2805587756;2210582.400615256;1.428746747717776;898.9219080863546;2020-09-09
187;37252.217701452886;200246.42035683346;25049.614642873876;349.77213516499256;2276194.712954796;2213543.108475304;1.3490376483903364;901.0146115628297;2020-09-10
188;37330.58972634989;200016.88361681037;22565.88213649116;316.71874917538264;2276424.249694819;2216211.059082803;1.2706371745141767;902.9102365632232;2020-09-11
189;37401.531369160686;199822.62751954963;20316.597580060356;286.59057767301033;2276618.5057920795;2218613.7862651856;1.1936924816709498;904.626139040642;2020-09-12
190;37465.70326758653;199658.73339344247;18281.130361692038;259.15372230609637;2276782.3999181865;2220776.4125666018;1.1183479719699103;906.1782981833795;2020-09-13
191;37523.7128424006;199520.90059655692;16440.490419974652;234.18977750005126;2276920.232715072;2222721.839675197;1.0447450178796625;907.5814059941608;2020-09-14
192;37576.11787941527;199405.37645756613;14777.217522527197;211.4952679940933;2277035.7568540634;2224470.9261841266;0.9730216918510479;908.8489539290537;2020-09-15
193;37623.429971737685;199308.893551329;13275.275556309109;190.88101987250312;2277132.2397603;2226042.653212381;0.9033125022476349;909.9933161570951;2020-09-16
194;37666.11780619333;199228.61352136338;11919.95206745473;172.1714903970141;2277212.519790266;2227454.278426221;0.8357481360883255;911.0258290507344;2020-09-17
195;37704.61029006144;199162.07677713298;10697.763054765363;155.20407165314407;2277279.0565344966;2228721.4791180165;0.7704552090935076;911.9568668138079;2020-09-18
196;37739.29951256948;199107.15747817577;9596.363035098295;139.82838307905766;2277333.9758334537;2229858.484902707;0.7075560235122215;912.79591311275;2020-09-19
197;37770.54353932422;199062.02327732003;8604.46032639344;125.90556442051857;2277379.1100343093;2230878.200604171;0.6471683341930196;913.5516286669555;2020-09-20
198;37798.66904122415;199025.09936008224;7711.7373942065415;113.30757787362194;2277416.0339515465;2231792.3199382424;0.5894051233453812;914.2319148356513;2020-09-21
199;37823.97376094978;198995.03635818916;6908.776130989957;101.9165255518468;2277446.09695344;2232611.4305359484;0.5343743844219343;914.8439732761841;2020-09-22
200;37846.72882120869;198970.68177782165;6186.987870919214;91.62398739757434;2277470.4515338074;2233345.110854282;0.48217891553438985;915.3943617747451;2020-09-23
201;37867.18087972014;198951.0545991656;5538.547956326979;82.33038336127295;2277490.0787124634;2234002.019493055;0.43291612279779285;915.8890463701063;2020-09-24
202;37885.55413730499;198935.32274457978;4956.334647419027;73.94436201797357;2277505.810567049;2234589.9774203068;0.3866778339787842;916.3334499243373;2020-09-25
203;37902.05220548642;198922.78313142844;4433.87217904732;66.38221723573123;2277518.3501802;2235116.0435784305;0.3435501228038371;916.732497295437;2020-09-26
204;37916.8598400121;198912.8440585663;3965.277750810152;59.567334247760215;2277528.2892530626;2235586.5843279925;0.30361314426312647;917.0906572669377;2020-09-27
205;37930.14454748089;198905.00969270812;3545.2122485186665;53.42966522304351;2277536.1236189203;2236007.337157698;0.266940981224628;917.4119814082222;2020-09-28
206;37942.05807226647;198898.866443412;3168.834496221581;47.905234025823745;2277542.2668682165;2236383.4690657025;0.23360150265144597;917.7001400395199;2020-09-29
207;37952.73776995484;198894.0710255545;2831.758848165491;42.935670490029025;2277547.062286074;2236719.6299974634;0.2036562336932407;917.958455451956;2020-09-30
208;37962.30787474074;198890.34004170678;2530.0159224311;38.46777287442983;2277550.7932699216;2237020.001699875;0.17716023789989632;918.1899325627284;2020-10-01
209;37970.88066723319;198887.44089904826;2260.016289193535;34.453098268548466;2277553.69241258;2237288.3423578846;0.1541620117824188;918.3972871614288;2020-10-02
210;37978.557548832534;198885.18393556826;2018.5169474090062;30.847579654765834;2277555.9493760606;2237528.027300164;0.13470339192249922;918.5829718965612;2020-10-03
211;37985.43002913007;198883.41560781372;1802.5904100969854;27.61116864707904;2277557.7177038155;2237742.0860959413;0.11881947480815838;918.7492001582889;2020-10-04
212;37991.580632082834;198882.01261882257;1609.5962343486979;24.707502917773514;2277559.1206928063;2237933.236323457;0.10653854954860772;918.897967996559;2020-10-05
213;37997.08372671404;198880.87687453593;1437.154837794037;22.103597071020435;2277560.256437093;2238103.914275514;0.09788204359683782;919.0310742136836;2020-10-06
214;38002.00628781706;198879.93116650576;1283.1234485423895;19.769555747207313;2277561.202145123;2238256.302853016;0.09286448158361364;919.1501387638865;2020-10-07
215;38006.40859139034;198879.11549677406;1145.5740520223362;17.678307917172337;2277562.0178148546;2238392.3568635248;0.09149345734148828;919.2566195741473;2020-10-08
216;38010.344850164816;198878.38395367246;1022.7731827975545;15.80536106613086;2277562.7493579565;2238513.825963928;0.09376961917225911;919.3518279160361;2020-10-09
217;38013.863793361954;198877.70207445807;913.1634433598701;14.12857417058213;2277563.4312371705;2238622.275426278;0.09968666838599091;919.4369424286219;2020-10-10
218;38017.00919517561;198877.04462561337;815.3466178636439;12.627948335740975;2277564.0886860155;2238719.1049246406;0.10923137111436301;919.5130219011387;2020-10-11
219;38019.820355930795;198876.39374503237;728.0682650581965;11.285434004978283;2277564.739566596;2238805.5655116024;0.12238358337575911;919.5810169110248;2020-10-12
220;38022.332539826435;198875.73739370072;650.2036761676075;10.084753617995036;2277565.3959179283;2238882.774948316;0.1391162893441761;919.6417804118329;2020-10-13
221;38024.577372013046;198875.0680818823;580.7451140779181;9.011238947774455;2277566.0652297465;2238951.7315047076;0.15939565274882816;919.6960773375563;2020-10-14
222;38026.58320040686;198874.38180395542;518.7901711790136;8.051681531707835;2277566.751507674;2239013.326454556;0.1831810813062111;919.7445933540149;2020-10-15
223;38028.37542245737;198873.67718321056;463.5312413850492;7.194196032755998;2277567.456128418;2239068.3552685427;0.2104253040615277;919.7879427625529;2020-10-16
224;38029.97678163141;198872.95477283504;414.24596057919064;6.42809510013603;2277568.178538793;2239117.5277014826;0.2410744614916726;919.8266756712521;2020-10-17
225;38031.40763556894;198872.21649784953;370.2885506325729;5.743775111953417;2277568.9168137787;2239161.4768524654;0.2750682081976199;919.8612844809576;2020-10-18
226;38032.68619886534;198871.4652049299;331.0819764059712;5.132611910506954;2277569.6681066984;2239200.7673195167;0.31233982799001836;919.8922097575783;2020-10-19
227;38033.82876222231;198870.7043114884;296.1108688351967;4.5868657155127135;2277570.42900014;2239235.902503367;0.352816361148076;919.9198455328035;2020-10-20
228;38034.849890260215;198869.9375333744;264.9151368579065;4.099594557206602;2277571.195778254;2239267.331156579;0.39641874360860074;919.9445440886951;2020-10-21
229;38035.76259986992;198869.16867750153;237.08420037209152;3.6645757127810032;2277571.9646341274;2239295.4532581726;0.4430619578192765;919.9666202715746;2020-10-22
230;38036.57852089814;198868.40148720428;212.25180146756395;3.2762342698797324;2277572.731824425;2239320.6252677892;0.49265519496791704;919.9863553786037;2020-10-23
231;38037.30804094255;198867.63953026602;190.09133106959567;2.9295782588521853;2277573.493781363;2239343.164831092;0.5451020282777759;920.0040006600199;2020-10-24
232;38037.96043548078;198866.8861219342;170.31162830209496;2.6201399711994426;2277574.247189696;2239363.3549859417;0.6003005970377874;920.0197804666335;2020-10-25
233;38038.54398490889;198866.1442739615;152.65320485111144;2.343922835152252;2277574.989037669;2239381.4479250736;0.6581438010161699;920.0338950806979;2020-10-26
234;38039.06607969727;198865.4166665858;136.88485956035842;2.0973532727670876;2277575.7166450443;2239397.668352514;0.7185195048859135;920.046523259372;2020-10-27
235;38039.533314705026;198864.70563582666;122.8006392205633;1.8772373605493575;2277576.4276758037;2239412.2164845173;0.7813107522715935;920.057824515948;2020-10-28
236;38039.95157388688;198864.01317394953;110.2171172795355;1.6807215672668707;2277577.1201376803;2239425.2707249466;0.8463959890085898;920.0679411687051;2020-10-29
237;38040.32610614826;198863.340938921;98.97095607395919;1.505257458075794;2277577.7923727087;2239436.9900530283;0.9136492951881191;920.077000175654;2020-10-30
238;38040.66159334728;198862.69027056778;88.91672609450306;1.3485698465813754;2277578.443041062;2239447.5161517737;0.98294062554476;920.0851147793354;2020-10-31
239;38040.96221118539;198862.062211233;79.92495589530915;1.208628130681024;2277579.0711003966;2239456.975305185;1.0541360577272336;920.0923859796166;2020-11-01
240;38041.231683667684;198861.45752927143;71.88038962800638;1.0836205435743025;2277579.6757823583;2239465.480088519;1.12709804797805;920.0989038509493;2020-11-02
241;38041.47333184642;198860.87674409433;64.6804310196913;0.9719309815560918;2277580.2565675355;2239473.1308736876;1.201685693733576;920.1047487213544;2020-11-03
242;38041.690117375205;198860.3201517165;58.23375442100541;0.8721182221821554;2277580.8131599133;2239480.017169895;1.2777550026427942;920.1099922258911;2020-11-04
243;38041.88468143729;198859.78785008893;52.459065951871956;0.7828972649691835;2277581.3454615413;2239486.218816887;1.3551591674908097;920.1146982482347;2020-11-05
244;38042.05937951317;198859.27976362983;47.28399871156955;0.7031226069146773;2277581.853548;2239491.8070471683;1.4337488465018235;920.118923761619;2020-11-06
245;38042.21631239859;198858.79566659132;42.64412902235535;0.6317732654846632;2277582.3376450385;2239496.8454303523;1.513372448486046;920.1227195790856;2020-11-07
246;38042.35735392583;198858.33520492038;38.482098758676266;0.567939351576191;2277582.7981067095;2239501.3907146733;1.593876422285818;920.1261310239919;2020-11-08
247;38042.48417565869;198857.89791654388;34.746834937979656;0.5108100705722577;2277583.235395086;2239505.4935744186;1.6751055499678722;920.1291985273227;2020-11-09
248;38042.598268931804;198857.4832499241;31.39285456904202;0.4596629839697655;2277583.650061706;2239509.199275221;1.7569032432016258;920.1319581607657;2020-11-10
249;38042.70096449493;198857.09058088428;28.379646174970784;0.41385441420059227;2277584.042730746;2239512.5482656616;1.8391118422572799;920.1344421118584;2020-11-11
250;38042.79345002169;198856.7192277289;25.67111961481442;0.37281087275420344;2277584.4140839013;2239515.576703392;1.9215729170524365;920.1366791074818;2020-11-12
251;38042.87678571216;198856.36846470577;23.235116736420625;0.33602140609661596;2277584.764846924;2239518.31692307;2.004127569672117;920.1386947912476;2020-11-13
252;38042.95191818543;198856.0375338946;21.04297649368716;0.3030307682490769;2277585.095777736;2239520.7978522885;2.0866167377841798;920.1405120595248;2020-11-14
253;38043.01969287676;198855.72565561818;19.069147598838626;0.2734333193989239;2277585.407656012;2239523.045382217;2.1688814983704994;920.1421513612969;2020-11-15
254;38043.080865047465;198855.43203749138;17.290845198853013;0.2468675993129341;2277585.701274139;2239525.0826962935;2.2507633711935697;920.1436309644622;2020-11-16
255;38043.136109602565;198855.15588220168;15.68774529332795;0.22301148372260882;2277585.977429429;2239526.9305630494;2.3321046214187753;920.1449671933004;2020-11-17
256;38043.186029832956;198854.89639412996;14.241713148802981;0.20157786774091777;2277586.2369175004;2239528.6075966507;2.4127485608141943;920.1461746399232;2020-11-18
257;38043.23116519791;198854.65278494236;12.93656197866352;0.1823108206839669;2277586.480526688;2239530.130488691;2.4925398469524342;920.1472663525121;2020-11-19
258;38043.27199824997;198854.42427826018;11.75783859395243;0.1649821633062173;2277586.70903337;2239531.514214363;2.5713247798428815;920.1482540028177;2020-11-20
259;38043.30896080227;198854.21011347772;10.692632877812162;0.14938841903039723;2277586.9231981523;2239532.772216053;2.648951595427698;920.149148035329;2020-11-21
260;38043.34243941554;198854.0095488617;9.729408570733362;0.1353481014865522;2277587.123762768;2239533.9165666807;2.7252707553807523;920.1499577999913;2020-11-22
261;38043.37278028474;198853.821863995;8.857852837342191;0.12269929964118043;2277587.311447635;2239534.958115213;2.800135232655861;920.1506916704033;2020-11-23
262;38043.4002935889;198853.6463616577;8.068742600996956;0.11129752919254544;2277587.486949972;2239535.906616253;2.873400792238824;920.151357149026;2020-11-24
263;38043.425257362236;198853.48236921683;7.3538257931691895;0.10101382158125122;2277587.650942413;2239536.770845436;2.944926266566802;920.1519609608187;2020-11-25
264;38043.44792094261;198853.32923959178;6.70571574829736;0.09173302336773907;2277587.804072038;2239537.5587023236;3.014573825088907;920.1525091366458;2020-11-26
265;38043.468508041165;198853.18635185843;6.1177973580386125;0.08335228393953559;2277587.946959771;2239538.277302088;3.08220923745295;920.153007087525;2020-11-27
266;38043.487219476854;198853.053111547;5.584143608066975;0.07577971005328749;2277588.0802000826;2239538.9330572877;3.1477021298155834;920.153459670769;2020-11-28
267;38043.50423561174;198852.92895068057;5.099441370390823;0.06893316934955136;2277588.2043609493;2239539.5317507978;3.210926233786094;920.1538712488897;2020-11-29
268;38043.51971852051;198852.81332759574;4.65892540082338;0.0627392262900053;2277588.319984034;2239540.0786008867;3.2717596275282514;920.1542457420712;2020-11-30
269;38043.53381392357;198852.70572658893;4.258319619519785;0.05713219568529124;2277588.427585041;2239540.5783193023;3.3300849685596154;920.154586674929;2020-12-01
270;38043.54665291046;198852.605657417;3.8937848431855504;0.05205330064318817;2277588.527654213;2239541.0351631586;3.3857897178034797;920.1548972181945;2020-12-02
271;38043.55835347597;198852.5126546821;3.5618722698195535;0.04744992367751521;2277588.6206569476;2239541.4529812783;3.4387663544654195;920.1551802258689;2020-12-03
272;38043.56902188964;198852.42627712703;3.259482068623652;0.04327494061312348;2277588.7070345026;2239541.835255604;3.488912581323933;920.1554382683489;2020-12-04
273;38043.57875391752;198852.34610686183;2.9838264939230275;0.03948612783284711;2277588.787204768;2239542.185138229;3.536131520042929;920.1556736619779;2020-12-05
274;38043.58763591247;198852.27174854113;2.7323970150641834;0.036045634748064846;2277588.8615630893;2239542.505484527;3.5803318961329254;920.1558884954175;2020-12-06
275;38043.59574578702;198852.20282850668;2.5029350287439334;0.03291951441933992;2277588.9304831233;2239542.798882793;3.621428213207581;920.1560846531786;2020-12-07
276;38043.60315388211;198852.13899391005;2.29340574361966;0.03007730568522364;2277588.99431772;2239543.0676807887;3.659340916202649;920.1562638366345;2020-12-08
277;38043.609923742595;198852.07991182507;2.1019749013483513;0.027491661318301195;2277589.053399805;2239543.3140094997;3.693996543245488;920.1564275827772;2020-12-09
278;38043.61611281021;198852.0252683605;1.9269880016122831;0.02513801680541595;2277589.1080432697;2239543.539804441;3.725327865884994;920.1565772809803;2020-12-10
279;38043.62177304374;198851.9747677793;1.766951740031404;0.022994295010636524;2277589.1585438508;2239543.746824772;3.7532740174140415;920.156714187998;2020-12-11
280;38043.626951472754;198851.92813163367;1.620517452880435;0.02104064335940075;2277589.205179997;2239543.9366704277;3.7777806090392514;920.1568394413586;2020-12-12
281;38043.63169069264;198851.88509791714;1.486466338517929;0.019259199793426524;2277589.2482137135;2239544.1107974825;3.7987998336761275;920.156954071339;2020-12-13
282;38043.636029308494;198851.84542023984;1.3636962227061526;0.017633883720416646;2277589.287891391;2239544.270531976;3.81629055717129;920.1570590117014;2020-12-14
283;38043.640002331944;198851.80886702848;1.2512097497973897;0.016150209837643294;2277589.3244446022;2239544.4170823107;3.830218396777468;920.1571551092898;2020-12-15
284;38043.64364153666;198851.77522075444;1.148103811474148;0.014795122020681978;2277589.3580908766;2239544.5515504065;3.8405557867313487;920.1572431326304;2020-12-16
285;38043.64697577677;198851.74427719205;1.0535600911518055;0.013556845248088754;2277589.3890344393;2239544.674941726;3.847282030808974;920.157323779633;2020-12-17
286;38043.6500312728;198851.71584470448;0.9668365915604431;0.012424753099625959;2277589.4174669264;2239544.788174309;3.8503833417582665;920.1573976845075;2020-12-18
287;38043.65283186775;198851.6897435621;0.8872600547551422;0.011389249683933287;2277589.4435680686;2239544.8920868966;3.849852867533347;920.1574654239569;2020-12-19
288;38043.65539925699;198851.6658052915;0.8142191683947752;0.010441664089650098;2277589.4675063393;2239544.98744625;3.8456907042804995;920.1575275227378;2020-12-20
289;38043.657753194566;198851.64387205348;0.7471584728946384;0.009574156186977554;2277589.4894395773;2239545.0749537535;3.8379038960509693;920.1575844586528;2020-12-21
290;38043.65991167859;198851.6237960521;0.6855729033666956;0.008779632359762308;2277589.5095155784;2239545.155251364;3.826506421241137;920.1576366670304;2020-12-22
291;38043.66189111818;198851.60543897212;0.6290028812721812;0.008051669857256898;2277589.527872658;2239545.228926989;3.8115191657859504;920.1576845447671;2020-12-23
292;38043.66370648309;198851.58867144515;0.5770299199648041;0.007384449525075705;2277589.5446401853;2239545.2965193326;3.7929698831568226;920.157728453944;2020-12-24
293;38043.66537143846;198851.57337254347;0.5292726752975137;0.006772695462594348;2277589.559939087;2239545.358522278;3.770893141240408;920.1577687250871;2020-12-25
294;38043.66689846631;198851.559429299;0.48538339081652887;0.00621162095385236;2277589.573882331;2239545.4153888533;3.745330256199729;920.1578056601053;2020-12-26
295;38043.66829897467;198851.54673624795;0.44504471083185326;0.005696880154409559;2277589.586575382;2239545.4675348164;3.716329213444004;920.1578395349305;2020-12-27
296;38043.66958339654;198851.53519499986;0.407966808340382;0.005224524297413038;2277589.59811663;2239545.515341901;3.683944575858134;920.1578706019116;2020-12-28
297;38043.6707612785;198851.52471382852;0.3738848051762677;0.0047909630165110266;2277589.6085978015;2239545.559160755;3.648237379467182;920.1578990919563;2020-12-29
298;38043.67184136061;198851.5152072855;0.34255644772124977;0.0043929297365262925;2277589.6181043442;2239545.599313606;3.6092750167351566;920.157925216465;2020-12-30
299;38043.6728316491;198851.50659583326;0.3137600133191871;0.004027450048071826;2277589.6267157965;2239545.6360966843;3.5671311077210266;920.1579491690886;2020-12-31
300;38043.67373948174;198851.49880549803;0.28729242566289825;0.003691813637079054;2277589.634506132;2239545.669782411;3.521885359338134;920.1579711273097;2021-01-01
301;38043.67457158718;198851.49176754119;0.26296755490431156;0.0033835488266308745;2277589.6415440887;2239545.7006213977;3.473623412985866;920.1579912538774;2021-01-02
302;38043.675334138345;198851.48541814781;0.24061468618241758;0.00310039993125067;2277589.647893482;2239545.7288442575;3.422436680844646;920.1580096980999;2021-01-03
303;38043.67603280019;198851.47969813115;0.22007713525979328;0.0028403076272332985;2277589.6536134984;2239545.7546632555;3.3684221711470275;920.1580265969977;2021-01-04
304;38043.67667277414;198851.47455265286;0.2012110012820283;0.002601389923885476;2277589.658758977;2239545.7782738116;3.311682302758665;920.1580420763812;2021-01-05
305;38043.677258838485;198851.4699309578;0.1838840393986046;0.0023819251239827824;2277589.6633806718;2239545.799855869;3.2523247094234;920.1580562518246;2021-01-06
306;38043.677795383635;198851.46578612228;0.16797464146536006;0.0021803377189677643;2277589.667525507;2239545.8195751444;3.1904620340464183;920.1580692295219;2021-01-07
307;38043.6782864451;198851.46207481544;0.1533709156866088;0.0019951848388238477;2277589.6712368145;2239545.837584269;3.1262117134085137;920.1580811070813;2021-01-08
308;38043.67873573266;198851.45875707272;0.1399698520934915;0.0018251447421781999;2277589.6745545566;2239545.8540238272;3.0596957537227256;920.1580919742336;2021-01-09
309;38043.67914665798;198851.45579608108;0.1276765688436214;0.0016690054044265748;2277589.6775155487;2239545.8690233165;2.9910404974621154;920.1581019134985;2021-01-10
310;38043.679522361024;198851.45315797522;0.11640362797675957;0.0015256529477707694;2277589.6801536544;2239545.8827020125;2.9203763819041764;920.1581110008239;2021-01-11
311;38043.679865728715;198851.45081164406;0.10607041623217792;0.0013940665423321673;2277589.6824999857;2239545.895169774;2.8478376898531415;920.1581193060368;2021-01-12
312;38043.680179418065;198851.44872854755;0.09660258210392057;0.0012733077086159424;2277589.6845830823;2239545.9065277744;2.7735622930163997;920.1581268934048;2021-01-13
313;38043.6804658748;198851.4468825425;0.08793152524340522;0.0011625132120539074;2277589.6864290875;2239545.916869174;2.6976913885253104;920.1581338220828;2021-01-14
314;38043.68072734973;198851.44524971794;0.07999393233403639;0.0010608890862239073;2277589.688061912;2239545.926279741;2.620369229103758;920.1581401465133;2021-01-15
315;38043.6809659133;198851.4438082388;0.07273135454660513;0.0009677058632155519;2277589.689503391;2239545.934838417;2.541742847399956;920.1581459167746;2021-01-16
316;38043.681183472276;198851.44253819817;0.06608982287595358;0.0008822906829976671;2277589.6907734317;2239545.9426178457;2.4619617750081093;920.1581511789868;2021-01-17
317;38043.6813817813;198851.44142147733;0.060019497318949185;0.0008040239930741201;2277589.691890152;2239545.9496848495;2.3811777567167707;920.1581559755905;2021-01-18
318;38043.68156245449;198851.44044161364;0.05447434665807292;0.000732335475555758;2277589.6928700157;2239545.9561008792;2.299544460529788;920.1581603456272;2021-01-19
319;38043.681726977156;198851.43958367562;0.04941185572972241;0.0006666993426412591;2277589.693727954;2239545.9619224216;2.217217184013793;920.1581643250225;2021-01-20
320;38043.68187671634;198851.4388341453;0.044792757684822944;0.000606630181064987;2277589.6944774846;2239545.9672013805;2.134352557533286;920.1581679468424;2021-01-21
321;38043.68201292866;198851.4381808073;0.040580788462416625;0.0005516811233619831;2277589.6951308227;2239545.9719854244;2.0511082449402513;920.1581712414805;2021-01-22
322;38043.68213677003;198851.43761264457;0.03674246171602337;0.0005014395619803804;2277589.6956989854;2239545.976318314;1.9676426422900772;920.1581742368963;2021-01-23
323;38043.68224930308;198851.43711974032;0.033246861812156976;0.0004555248821007016;2277589.6961918897;2239545.9802401997;1.884114575159434;920.1581769587918;2021-01-24
324;38043.68235150423;198851.43669318632;0.030065453486808606;0.0004135860730885997;2277589.696618444;2239545.9837879;1.800682995144306;920.1581794307842;2021-01-25
325;38043.682444270606;198851.43632499682;0.027171906461784835;0.00037529915514582777;2277589.696986633;2239545.986995157;1.7175066761180457;920.1581816745731;2021-01-26
326;38043.682528426114;198851.4360080282;0.0245419335894625;0.00034036522108131284;2277589.697303601;2239545.9898928762;1.6347439108296689;920.1581837100862;2021-01-27
327;38043.68260472699;198851.43573590412;0.02215314143849019;0.0003085085470950314;2277589.6975757256;2239545.992509349;1.5525522084220944;920.1581855556154;2021-01-28
328;38043.68267386707;198851.43550294617;0.019984892983736437;0.00027947484873314864;2277589.697808684;2239545.994870449;1.4710879934481615;920.1581872279424;2021-01-29
329;38043.68273648286;198851.43530410764;0.018018176321532152;0.00025302945313622694;2277589.698007522;2239545.9969998337;1.3905063069594141;920.1581887424632;2021-01-30
330;38043.68279315772;198851.43513491543;0.016235489968342495;0.00022895602444950876;2277589.6981767146;2239545.9989191107;1.3109605102387556;920.1581901132877;2021-01-31
331;38043.68284442616;198851.434991413;0.014620729704542418;0.00020705513287135413;2277589.698320217;2239546.000648006;1.2326019917429547;920.1581913533441;2021-02-01
332;38043.68289077757;198851.4348701098;0.013159087566438871;0.00018714301753838605;2277589.69844152;2239546.002204512;1.15557987781483;920.1581924744698;2021-02-02
333;38043.682932659794;198851.4347679348;0.011836957552247774;0.00016905037895399854;2277589.698543695;2239546.003605027;1.080040747717852;920.1581934874971;2021-02-03
334;38043.68297048249;198851.43468219187;0.010641844765518655;0.0001526212976740986;2277589.6986294384;2239546.0048644897;1.0061283535375134;920.1581944023344;2021-02-04
335;38043.683004620056;198851.4346105211;0.009562284654430393;0.0001377122774186748;2277589.698701109;2239546.0059964918;0.9339833454846183;920.1581952280375;2021-02-05
336;38043.68303541441;198851.43455086346;0.008587767370901105;0.00012419132731360128;2277589.6987607665;2239546.0070133936;0.8637430031252337;920.1581959728766;2021-02-06
337;38043.683063177996;198851.43450142173;0.007708656360919805;0.00011193698698963716;2277589.698810208;2239546.0079264366;0.795540973050829;920.1581966444088;2021-02-07
338;38043.68308819563;198851.43446063856;0.006916135643938361;0.00010083768943377486;2277589.6988509917;2239546.0087458226;0.7295070134897366;920.1581972495234;2021-02-08
339;38043.68311072663;198851.43442717052;0.006202150172319419;9.079109274742914e-05;2277589.698884459;2239546.009480791;0.6657667463478204;920.1581977944927;2021-02-09
340;38043.68313100766;198851.43439985346;0.005559328946790621;8.170311959382098e-05;2277589.6989117768;2239546.010139737;0.604441417152106;920.1581982850404;2021-02-10
341;38043.68314925398;198851.43437768825;0.004980944680554394;7.348752755511413e-05;2277589.698933942;2239546.0107302554;0.5456476633559617;920.1581987263738;2021-02-11
342;38043.683165661525;198851.43435981777;0.004460859020462766;6.606525076462743e-05;2277589.698951812;2239546.011259226;0.48949729144844806;920.1581991232316;2021-02-12
343;38043.68318040838;198851.4343455099;0.003993476596801968;5.936387057034218e-05;2277589.69896612;2239546.011732871;0.4360970632936982;920.1581994799216;2021-02-13
344;38043.68319365632;198851.43433414176;0.0035737031928801256;5.331711301107904e-05;2277589.698977488;2239546.0121568115;0.3855484921084773;920.1581998003564;2021-02-14
345;38043.68320555215;198851.43432518552;0.003196905710576874;4.786436881705638e-05;2277589.698986444;2239546.012536122;0.33794764846771636;920.1582000880871;2021-02-15
346;38043.683216229045;198851.43431819565;0.002858872926718474;4.2950252790576246e-05;2277589.6989934347;2239546.0128753823;0.2933849767086016;920.1582003463346;2021-02-16
347;38043.68322580774;198851.43431279736;0.0025557786261062084;3.8524177432936906e-05;2277589.6989988326;2239546.013178722;0.2519451220840077;920.1582005780197;2021-02-17
348;38043.68323439761;198851.43430867745;0.00228415180295742;3.453999479874677e-05;2277589.6990029523;2239546.013449863;0.21370676899546018;920.1582007857872;2021-02-18
349;38043.68324209762;198851.43430557486;0.002040846346669349;3.0955640691048166e-05;2277589.699006055;2239546.0136921555;0.17874249061466352;920.1582009720314;2021-02-19
350;38043.683248997266;198851.43430327383;0.0018230132978408942;2.7732805925214776e-05;2277589.6990083563;2239546.013908613;0.14711861018090716;920.1582011389166;2021-02-20
351;38043.683255177486;198851.43430159625;0.001628074122481243;2.4836594640489922e-05;2277589.699010034;2239546.014101946;0.11889507423931645;920.158201288401;2021-02-21
352;38043.683260711354;198851.43430039723;0.0014536988832527147;2.223527745602385e-05;2277589.6990112327;2239546.0142745874;0.09412533806210145;920.1582014222513;2021-02-22
353;38043.68326566484;198851.43429955843;0.0012977815538773438;1.9900025975715976e-05;2277589.699012072;2239546.0144287255;0.07285626347172783;920.1582015420639;2021-02-23
354;38043.68327009743;198851.4342989851;0.0011584219453065186;1.78046801293331e-05;2277589.699012645;2239546.014566321;0.0551280292611811;920.1582016492773;2021-02-24
355;38043.68327406275;198851.4342986013;0.001033906306233741;1.5925501830941267e-05;2277589.699013029;2239546.0146891344;0.040974054382474756;920.1582017451886;2021-02-25
356;38043.683277609096;198851.43429834733;0.0009226911115573489;1.4240985347490681e-05;2277589.699013283;2239546.014798742;0.03042093405012851;920.1582018309657;2021-02-26
357;38043.68328077993;198851.43429817675;0.0008233864658191017;1.2731643153155823e-05;2277589.699013454;2239546.014896556;0.02348838888169615;920.1582019076604;2021-02-27
358;38043.6832836144;198851.43429805382;0.0007347419530000456;1.13798200429126e-05;2277589.6990135764;2239546.0149838403;0.02018922717249478;920.1582019762192;2021-02-28
359;38043.68328614768;198851.43429795187;0.0006556338191223527;1.0169554709556592e-05;2277589.6990136784;2239546.0150617273;0.020529320376601115;920.1582020374929;2021-03-01
360;38043.68328841137;198851.43429785117;0.0005850522339228418;9.08644898435556e-06;2277589.699013779;2239546.015131229;0.024507591840958912;920.1582020922458;2021-03-02
361;38043.6832904338;198851.4342977381;0.0005220912235255571;8.117515858023026e-06;2277589.6990138916;2239546.015193249;0.03211601881410849;920.1582021411635;2021-03-03
362;38043.68329224046;198851.43429760326;0.0004659377584202754;7.251018687947084e-06;2277589.6990140267;2239546.0152485976;0.043339647725699815;920.1582021848621;2021-03-04
363;38043.68329385417;198851.4342974411;0.00041586364146883447;6.4763861411534595e-06;2277589.6990141887;2239546.0152979945;0.058156622707590006;920.1582022238937;2021-03-05
364;38043.68329529542;198851.43429724866;0.0003712160019029975;5.784080208049489e-06;2277589.699014381;2239546.0153420856;0.07653822730203357;920.158202258754;2021-03-06
365;38043.683296582574;198851.43429702526;0.0003314107018837661;5.165501727873888e-06;2277589.6990146046;2239546.0153814456;0.0984489392772727;920.1582022898873;2021-03-07
366;38043.68329773209;198851.43429677162;0.0002959248838129762;4.6129325728525585e-06;2277589.699014858;2239546.015416588;0.12384649844581119;920.1582023176911;2021-03-08
367;38043.68329875863;198851.43429648966;0.00026429114070898905;4.119462855450908e-06;2277589.6990151396;2239546.0154479705;0.15268198735578717;920.1582023425207;2021-03-09
368;38043.68329967536;198851.43429618207;0.00023609172048082765;3.678879517834761e-06;2277589.6990154474;2239546.0154760014;0.1848999247012931;920.158202364694;2021-03-10
369;38043.68330049404;198851.4342958519;0.00021095337169849154;3.2855835375084496e-06;2277589.699015777;2239546.015501044;0.2204383712731791;920.158202384496;2021-03-11
370;38043.683301225225;198851.4342955027;0.00018854303041431327;2.9345512868850054e-06;2277589.6990161263;2239546.0155234234;0.2592290482479014;920.1582024021814;2021-03-12
371;38043.683301878315;198851.43429513782;0.00016856316689137514;2.621272085843821e-06;2277589.699016491;2239546.0155434282;0.3011974675884703;920.1582024179779;2021-03-13
372;38043.68330246174;198851.4342947608;0.00015074856319963184;2.3416972917233454e-06;2277589.699016868;2239546.015561316;0.34626307430830744;920.1582024320895;2021-03-14
373;38043.68330298299;198851.43429437492;0.00013486241078800327;2.0922285417672617e-06;2277589.6990172537;2239546.0155773163;0.39433940032625986;920.1582024446973;2021-03-15
374;38043.68330344875;198851.43429398342;0.00012069421683849512;1.869651862407555e-06;2277589.699017646;2239546.015591633;0.44533422961881547;920.158202455963;2021-03-16
375;38043.683303864986;198851.43429358923;0.00010805634269363193;1.6710871918454085e-06;2277589.6990180397;2239546.015604447;0.4991497743540058;920.1582024660306;2021-03-17
376;38043.683304237034;198851.43429319496;9.678114245427919e-05;1.493947365303249e-06;2277589.699018434;2239546.015615922;0.5556828616704634;920.1582024750295;2021-03-18
377;38043.683304569684;198851.43429280302;8.67188996932729e-05;1.335914079356981e-06;2277589.699018826;2239546.0156262014;0.6148251307448682;920.1582024830753;2021-03-19
378;38043.68330486716;198851.43429241548;7.773749627056475e-05;1.1949249239609295e-06;2277589.6990192137;2239546.015635414;0.6764632397711894;920.1582024902706;2021-03-20
379;38043.68330513328;198851.43429203413;6.971829649649379e-05;1.0691159037957373e-06;2277589.699019595;2239546.0156436744;0.7404790824563688;920.1582024967074;2021-03-21
380;38043.68330537144;198851.43429166052;6.255567807764205e-05;9.568256717646494e-07;2277589.6990199685;2239546.0156510845;0.8067500136188005;920.1582025024679;2021-03-22
381;38043.68330558463;198851.43429129603;5.615686372107962e-05;8.566060143114865e-07;2277589.6990203327;2239546.0156577346;0.8751490834586094;920.1582025076244;2021-03-23
382;38043.68330577552;198851.43429094166;5.04379459392008e-05;7.671492173654611e-07;2277589.6990206875;2239546.0156637067;0.9455452800521693;920.1582025122417;2021-03-24
383;38043.683305946506;198851.43429059835;4.5325196835725444e-05;6.872944228413791e-07;2277589.6990210307;2239546.0156690716;1.017803779607539;920.1582025163774;2021-03-25
384;38043.68330609971;198851.43429026677;4.075267937056443e-05;6.16001655025514e-07;2277589.6990213622;2239546.015673894;1.0917862040027992;920.158202520083;2021-03-26
385;38043.68330623704;198851.43428994738;3.6661227292239954e-05;5.523366337900391e-07;2277589.6990216817;2239546.015678231;1.1673508851151486;920.158202523405;2021-03-27
386;38043.6833063602;198851.43428964057;3.299917159633284e-05;4.954710418810666e-07;2277589.699021988;2239546.0156821334;1.244353135435856;920.1582025263839;2021-03-28
387;38043.68330647071;198851.4342893465;2.9719708348206613e-05;4.4464885480040847e-07;2277589.6990222824;2239546.0156856473;1.3226455244540218;920.1582025290568;2021-03-29
388;38043.68330656991;198851.43428906534;2.6781778266686123e-05;3.992153705947127e-07;2277589.699022563;2239546.0156888124;1.402078160281143;920.1582025314563;2021-03-30
389;38043.683306659;198851.43428879697;2.4148829388261676e-05;3.585931471502326e-07;2277589.699022832;2239546.0156916655;1.4824989759783986;920.1582025336108;2021-03-31
390;38043.68330673905;198851.43428854135;2.1787366406309847e-05;3.222524426540768e-07;2277589.6990230875;2239546.0156942387;1.5637540200397384;920.1582025355472;2021-04-01
391;38043.68330681102;198851.43428829827;1.966814102126939e-05;2.8973120356512345e-07;2277589.69902333;2239546.0156965614;1.6456877504756737;920.1582025372882;2021-04-02
392;38043.68330687575;198851.43428806754;1.7765925192882437e-05;2.606312751412229e-07;2277589.699023561;2239546.015698659;1.7281433319360373;920.1582025388537;2021-04-03
393;38043.683306933985;198851.4342878488;1.605733423951825e-05;2.3458914769986003e-07;2277589.69902378;2239546.015700554;1.81096293530402;920.1582025402622;2021-04-04
394;38043.68330698641;198851.43428764175;1.4521606098356832e-05;2.112784550099908e-07;2277589.699023987;2239546.0157022676;1.8939880391891255;920.1582025415302;2021-04-05
395;38043.68330703361;198851.43428744609;1.3140946620065232e-05;1.9040430600457542e-07;2277589.6990241823;2239546.0157038174;1.977059732743055;920.1582025426719;2021-04-06
396;38043.68330707615;198851.43428726133;1.1898867632179573e-05;1.7169246409974214e-07;2277589.699024367;2239546.0157052204;2.0600190192199586;920.1582025437009;2021-04-07
397;38043.683307114545;198851.43428708715;1.0780551270513693e-05;1.5489425099519848e-07;2277589.699024542;2239546.0157064917;2.142707119701207;920.1582025446294;2021-04-08
398;38043.683307149186;198851.4342869231;9.773401777994168e-06;1.398127536961403e-07;2277589.6990247057;2239546.0157076432;2.224965776404295;920.1582025454674;2021-04-09
399;38043.68330718048;198851.43428676875;8.865740743063939e-06;1.2626215344547074e-07;2277589.6990248603;2239546.0157086877;2.3066375549965095;920.1582025462241;2021-04-10
400;38043.68330720876;198851.43428662364;8.046959152977237e-06;1.140766840200176e-07;2277589.6990250056;2239546.015709636;2.3875661453357564;920.1582025469082;2021-04-11
401;38043.68330723433;198851.43428648738;7.308126199471633e-06;1.0312117673341816e-07;2277589.699025142;2239546.0157104963;2.467596660064003;920.1582025475268;2021-04-12
402;38043.68330725745;198851.43428635955;6.641047915521344e-06;9.327776241107351e-08;2277589.6990252696;2239546.0157112777;2.5465759304828772;920.158202548086;2021-04-13
403;38043.68330727836;198851.4342862397;6.038076472244331e-06;8.443872124314398e-08;2277589.6990253893;2239546.0157119883;2.6243527991461297;920.1582025485919;2021-04-14
404;38043.68330729726;198851.43428612745;5.493265859795368e-06;7.651195392593934e-08;2277589.6990255015;2239546.0157126347;2.7007784086100557;920.1582025490491;2021-04-15
405;38043.68330731438;198851.4342860224;5.000340730146752e-06;6.937988377886689e-08;2277589.6990256067;2239546.015713223;2.7757064857901104;920.1582025494631;2021-04-16
406;38043.68330732991;198851.43428592416;4.5540630309615426e-06;6.294576257039859e-08;2277589.6990257045;2239546.015713758;2.8489936213805396;920.1582025498387;2021-04-17
407;38043.683307344;198851.4342858324;4.149903411290922e-06;5.71426442491665e-08;2277589.6990257963;2239546.0157142454;2.9204995438031824;920.1582025501795;2021-04-18
408;38043.68330735679;198851.43428574665;3.7836940183068936e-06;5.190207527911571e-08;2277589.699025882;2239546.0157146896;2.9900873871620672;920.1582025504888;2021-04-19
409;38043.68330736843;198851.43428566665;3.4515278978852e-06;4.714502291026478e-08;2277589.6990259625;2239546.015715095;3.057623952691861;920.1582025507704;2021-04-20
410;38043.68330737907;198851.43428559205;3.1498692119339164e-06;4.27921851981345e-08;2277589.6990260365;2239546.015715465;3.122979963200753;920.1582025510277;2021-04-21
411;38043.68330738879;198851.43428552253;2.8756703716389598e-06;3.8811127809698236e-08;2277589.6990261064;2239546.015715803;3.1860303100215654;920.1582025512628;2021-04-22
412;38043.68330739766;198851.4342854578;2.62630700431897e-06;3.51901133599761e-08;2277589.699026171;2239546.0157161118;3.2466542919993655;920.1582025514773;2021-04-23
413;38043.683307405736;198851.43428539758;2.3995049648823693e-06;3.190872933436493e-08;2277589.699026231;2239546.015716394;3.3047358460589815;920.1582025516726;2021-04-24
414;38043.68330741306;198851.43428534162;2.1933866704391813e-06;2.8956534081041303e-08;2277589.699026287;2239546.0157166515;3.3601637689119204;920.15820255185;2021-04-25
415;38043.683307419706;198851.43428528964;2.0059563867171836e-06;2.631205451925316e-08;2277589.699026339;2239546.015716887;3.4128319294791347;920.1582025520105;2021-04-26
416;38043.68330742574;198851.43428524138;1.8351431608796449e-06;2.3944537963227956e-08;2277589.699026387;2239546.015717102;3.4626394716237803;920.1582025521562;2021-04-27
417;38043.68330743119;198851.43428519662;1.6794452796484643e-06;2.184024848955178e-08;2277589.6990264324;2239546.0157172997;3.509491006806707;920.1582025522881;2021-04-28
418;38043.6833074361;198851.43428515512;1.537612877292166e-06;1.9989516123685674e-08;2277589.699026474;2239546.01571748;3.5532967962965434;920.158202552407;2021-04-29
419;38043.68330744052;198851.4342851167;1.4083915616582737e-06;1.8366342602566107e-08;2277589.699026512;2239546.0157176447;3.593972922586323;920.158202552514;2021-04-30
420;38043.68330744454;198851.43428508114;1.290353924573609e-06;1.6914998221943036e-08;2277589.699026548;2239546.015717796;3.6314414496891367;920.1582025526111;2021-05-01
421;38043.683307448206;198851.43428504822;1.1824699035881228e-06;1.5595393453018192e-08;2277589.6990265804;2239546.0157179344;3.665630572006585;920.1582025526999;2021-05-02
422;38043.683307451596;198851.43428501778;1.0838688087307366e-06;1.4364148446280315e-08;2277589.699026611;2239546.0157180615;3.696474751485601;920.1582025527819;2021-05-03
423;38043.68330745478;198851.43428498958;9.931595521411056e-07;1.3165860127184715e-08;2277589.699026639;2239546.015718178;3.723914842801623;920.1582025528588;2021-05-04
